tourney_id,tourney_name,surface,draw_size,tourney_level,indoor,tourney_date,match_num,winner_id,winner_seed,winner_entry,winner_name,winner_hand,winner_ht,winner_ioc,winner_age,winner_rank,winner_rank_points,loser_id,loser_seed,loser_entry,loser_name,loser_hand,loser_ht,loser_ioc,loser_age,loser_rank,loser_rank_points,score,best_of,round,minutes,w_ace,w_df,w_svpt,w_1stIn,w_1stWon,w_2ndWon,w_SvGms,w_bpSaved,w_bpFaced,l_ace,l_df,l_svpt,l_1stIn,l_1stWon,l_2ndWon,l_SvGms,l_bpSaved,l_bpFaced
2026-747,Beijing,Hard,32,500,O,20260930,1,G0IX,,Q,Arthur Gea,R,180,FRA,21.741,58,918,Z371,,,Zhizhen Zhang,R,193,CHN,29.955,165,340,6-4 6-3,3,R32,84,6,4,55,37,27,9,10,2,4,1,2,52,37,20,7,9,1,5
2026-747,Beijing,Hard,32,500,O,20260930,2,KE29,,,Karen Khachanov,R,198,RUS,30.36,26,1800,AG37,2,,Felix Auger-Aliassime,R,193,CAN,26.144,5,3890,6-3 6-3,3,R32,72,4,2,45,33,30,6,9,0,0,9,1,47,32,25,3,9,1,4
2026-747,Beijing,Hard,32,500,O,20260930,3,SL28,,,Jan-Lennard Struff,R,193,GER,36.433,59,909,T0A1,,,Thiago Agustin Tirante,R,185,ARG,25.473,52,1010,6-1 6-4,3,R32,66,4,0,50,36,29,9,9,1,1,4,4,47,33,22,5,8,7,10
2026-747,Beijing,Hard,32,500,O,20260930,4,Y09V,,WC,Yunchaokete Bu,R,185,CHN,24.695,104,602,C0C8,,,Juan Manuel Cerundolo,L,183,ARG,24.873,53,995,6-2 5-7 6-4,3,R32,139,11,1,77,50,42,15,15,3,5,7,2,100,54,39,21,15,4,8
2026-329,Tokyo,Hard,32,500,O,20260930,1,A0FC,,,Matteo Arnaldi,R,185,ITA,25.602,37,1336,S0UV,,,Rei Sakamoto,R,193,JPN,20.268,137,423,2-6 6-4 6-4,3,R32,129,4,4,83,45,31,23,14,2,4,8,1,83,47,34,21,14,1,3
2026-329,Tokyo,Hard,32,500,O,20260930,2,F0F1,,Q,Arthur Fils,R,185,FRA,22.3,9,3150,V0DZ,,,Luca Van Assche,R,178,FRA,22.387,43,1180,6-3 6-2,3,R32,94,12,3,69,42,34,13,9,3,3,4,1,62,34,23,10,8,7,10
2026-329,Tokyo,Hard,32,500,O,20260930,3,TE30,,,Alejandro Tabilo,L,188,CHI,29.328,31,1565,PL56,7,,Tommy Paul,R,185,USA,29.372,16,2375,6-1 6-2,3,R32,74,0,1,47,28,22,11,8,2,3,5,6,51,31,17,5,7,3,8
2026-329,Tokyo,Hard,32,500,O,20260930,4,VA25,8,,Valentin Vacherot,R,193,MON,27.871,18,2250,B0PG,,,Alexander Blockx,R,193,BEL,21.478,27,1787,7-6(2) 7-6(4),3,R32,120,7,5,87,66,52,10,12,7,9,2,2,93,59,40,18,12,6,8
2026-747,Beijing,Hard,32,500,O,20260930,5,D643,6,,Novak Djokovic,R,188,SRB,39.359,11,2980,BT72,,,Nuno Borges,R,185,POR,29.61,49,1070,6-3 7-6(2),3,R32,111,8,2,68,48,42,9,11,2,2,3,2,65,36,27,15,10,1,2
2026-329,Tokyo,Hard,32,500,O,20261001,5,HH26,,,Ugo Humbert,L,188,FRA,28.266,32,1535,N0AE,5,,Brandon Nakashima,R,188,USA,25.161,17,2335,6-3 6-2,3,R32,71,6,1,41,22,22,14,9,0,0,1,2,61,42,23,9,8,9,12
2026-329,Tokyo,Hard,32,500,O,20261001,6,D0FJ,,,Luciano Darderi,R,183,ITA,24.627,19,2200,RH16,6,,Casper Ruud,R,183,NOR,27.775,21,2145,7-6(3) 6-3,3,R32,108,13,3,66,37,32,15,11,6,8,11,4,82,54,35,10,10,5,8
2026-329,Tokyo,Hard,32,500,O,20261001,7,F0F2,,LL,Jaime Faria,R,188,POR,23.154,61,888,F0DM,,,Arthur Fery,R,175,GBR,24.222,36,1413,6-4 3-6 6-4,3,R32,124,11,8,88,55,39,17,15,5,8,3,2,92,66,45,13,14,7,10
2026-747,Beijing,Hard,32,500,O,20261001,6,MV14,,Q,Alex Molcan,L,178,SVK,28.832,96,637,M0FH,,,Tomas Machac,R,183,CZE,25.966,75,770,6-3 6-2,3,R32,64,5,0,44,28,25,11,9,0,0,2,2,46,32,19,5,8,3,6
2026-747,Beijing,Hard,32,500,O,20261001,7,DH58,5,,Alex De Minaur,R,183,AUS,27.619,10,3150,N0BS,,,Mariano Navone,R,178,ARG,25.591,45,1155,7-6(4) 6-2,3,R32,115,6,2,74,44,31,19,10,9,10,1,0,67,40,24,13,10,4,7
2026-329,Tokyo,Hard,32,500,O,20261001,8,MU94,,Q,Jaume Munar,R,183,ESP,29.407,64,875,FB98,3,,Taylor Fritz,R,196,USA,28.925,12,2880,6-7(7) 6-4 6-3,3,R32,178,10,3,100,70,53,14,15,7,8,7,1,114,67,45,26,16,9,13
2026-329,Tokyo,Hard,32,500,O,20261001,9,J0AZ,,,Kyrian Jacquet,R,175,FRA,25.391,86,681,R0DG,,,Holger Rune,R,188,DEN,23.425,188,300,6-3 6-1,3,R32,54,3,3,44,19,19,14,8,0,0,3,0,40,26,14,7,8,2,6
2026-329,Tokyo,Hard,32,500,O,20261001,10,TE51,,Q,Stefanos Tsitsipas,R,193,GRE,28.137,44,1165,EA24,,,Tomas Martin Etcheverry,R,196,ARG,27.206,30,1590,4-6 6-3 6-4,3,R32,127,9,0,73,47,41,18,15,0,1,5,1,84,61,44,13,14,4,6
2026-329,Tokyo,Hard,32,500,O,20261001,11,TD51,2,,Frances Tiafoe,R,188,USA,28.695,8,3380,N552,,,Kei Nishikori,R,178,JPN,36.756,436,111,6-4 6-4,3,R32,75,2,3,54,26,21,17,10,0,1,6,2,52,30,22,12,10,4,7
2026-747,Beijing,Hard,32,500,O,20261001,8,HB64,,,Quentin Halys,R,191,FRA,29.93,50,1070,B0ID,,,Ignacio Buse,R,183,PER,22.519,35,1447,6-1 7-6(3),3,R32,86,9,2,73,42,34,16,10,1,2,3,1,54,36,21,10,9,3,6
2026-747,Beijing,Hard,32,500,O,20261001,9,C0AU,,,Francisco Cerundolo,R,185,ARG,28.134,22,2130,V812,,Q,Botic van de Zandschulp,R,191,NED,30.992,40,1258,5-7 6-4 6-3,3,R32,168,2,2,112,75,54,17,15,11,13,11,5,112,77,51,17,16,10,14
2026-329,Tokyo,Hard,32,500,O,20260930,12,L0BV,,,Jiri Lehecka,R,185,CZE,24.893,23,2120,BU13,,,Zizou Bergs,R,185,BEL,27.326,38,1320,6-3 6-7(3) 6-3,3,R32,213,9,2,101,60,48,22,16,2,2,1,3,104,59,44,22,14,11,13
2026-747,Beijing,Hard,32,500,O,20261001,10,SX50,,,Roman Safiullin,R,185,RUS,29.15,84,694,C0E9,4,,Flavio Cobolli,R,183,ITA,24.405,7,3680,6-3 6-2,3,R32,85,7,0,59,40,32,9,9,5,5,4,2,60,36,21,11,8,8,11
2026-329,Tokyo,Hard,32,500,O,20261001,13,SU55,,,Denis Shapovalov,L,185,CAN,27.463,46,1155,SY67,,,Sho Shimabukuro,R,180,JPN,29.172,108,577,7-5 6-1,3,R32,85,11,2,54,37,28,11,10,5,6,1,6,60,28,18,12,9,3,7
2026-747,Beijing,Hard,32,500,O,20261001,11,Z355,1,,Alexander Zverev,R,198,GER,29.448,2,9630,N771,,,Cameron Norrie,L,188,GBR,31.107,39,1275,7-6(1) 6-4,3,R32,100,15,0,68,52,40,12,11,3,3,3,0,67,51,35,8,11,1,2
2026-329,Tokyo,Hard,32,500,O,20261001,14,A0E2,1,,Carlos Alcaraz,R,183,ESP,23.409,3,5060,M0QI,,,Alex Michelsen,R,193,USA,22.1,34,1460,7-6(1) 4-6 6-1,3,R32,151,5,5,98,62,39,20,15,8,13,0,4,102,64,38,16,14,7,13
2026-747,Beijing,Hard,32,500,O,20261001,12,S0RE,,,Juncheng Shang,L,180,CHN,21.659,250,220,B0BI,,,Sebastian Baez,R,170,ARG,25.758,51,1044,5-7 6-3 7-5,3,R32,161,3,2,107,66,42,22,16,8,12,3,3,118,83,49,17,17,9,15
2026-329,Tokyo,Hard,32,500,O,20261001,15,V0DP,,Q,Adolfo Daniel Vallejo,R,183,PAR,22.426,56,939,J0DZ,4,,Rafael Jodar,R,191,ESP,20.038,13,2659,6-1 6-3,3,R32,68,1,0,38,23,19,7,8,0,2,0,2,45,27,12,5,8,6,12
2026-329,Tokyo,Hard,32,500,O,20261001,16,BK40,,,Matteo Berrettini,R,196,ITA,30.47,47,1128,DH50,,,Alejandro Davidovich Fokina,R,180,ESP,27.324,28,1780,1-6 7-6(1) 6-4,3,R32,142,16,1,96,67,46,17,14,4,7,4,2,90,61,42,19,15,1,3
2026-747,Beijing,Hard,32,500,O,20261001,13,RE44,,,Andrey Rublev,R,188,RUS,28.947,24,2020,GJ37,,,Tallon Griekspoor,R,188,NED,30.248,55,975,6-4 5-7 7-6(6),3,R32,156,19,2,113,73,59,21,17,4,5,19,4,103,65,51,23,17,5,6
2026-747,Beijing,Hard,32,500,O,20261001,14,HB71,,,Hubert Hurkacz,R,196,POL,29.634,41,1220,T0HA,,,Learner Tien,L,180,USA,20.83,15,2395,5-7 6-3 6-4,3,R32,117,12,2,91,59,48,16,16,3,5,5,1,86,60,42,15,15,4,7
2026-747,Beijing,Hard,32,500,O,20261001,15,M0NI,8,,Jakub Mensik,R,196,CZE,21.081,14,2405,BK92,,,Alexander Bublik,R,196,KAZ,29.29,20,2185,6-4 7-6(5),3,R32,97,10,2,68,50,41,9,11,2,3,7,1,82,55,40,11,11,5,7
2026-329,Tokyo,Hard,32,500,O,20261002,17,MU94,,Q,Jaume Munar,R,183,ESP,29.41,64,875,F0F2,,,Jaime Faria,R,188,POR,23.157,61,888,6-1 6-1,3,R16,64,2,1,38,24,20,7,7,1,2,0,3,45,22,12,6,7,2,8
2026-329,Tokyo,Hard,32,500,O,20261002,18,VA25,8,,Valentin Vacherot,R,193,MON,27.877,18,2250,TE51,,Q,Stefanos Tsitsipas,R,193,GRE,28.14,44,1165,4-6 7-6(5) 6-4,3,R16,134,7,1,93,67,48,17,16,6,8,9,0,97,71,51,17,16,3,5
2026-747,Beijing,Hard,32,500,O,20261002,16,KE29,,,Karen Khachanov,R,198,RUS,30.366,26,1800,MV14,,Q,Alex Molcan,L,178,SVK,28.835,96,637,7-5 6-3,3,R16,74,7,0,52,40,34,10,11,0,0,1,1,51,30,25,9,10,1,3
2026-747,Beijing,Hard,32,500,O,20261002,17,MM58,3,,Daniil Medvedev,R,198,RUS,30.639,6,3710,CD85,,Q,Pablo Carreno Busta,R,188,ESP,35.225,66,859,6-4 6-2,3,R32,81,12,2,51,32,28,11,9,3,3,1,1,61,45,26,7,9,3,6
2026-329,Tokyo,Hard,32,500,O,20261002,19,J0AZ,,,Kyrian Jacquet,R,175,FRA,25.394,86,681,D0FJ,,,Luciano Darderi,R,183,ITA,24.63,19,2200,6-3 7-6(5),3,R16,90,15,1,63,37,34,16,11,0,0,1,0,76,53,37,12,10,5,6
2026-329,Tokyo,Hard,32,500,O,20261002,20,F0F1,,Q,Arthur Fils,R,185,FRA,22.305,9,3150,TD51,2,,Frances Tiafoe,R,188,USA,28.698,8,3380,6-3 7-5,3,R16,90,10,1,62,33,26,20,11,2,2,4,3,64,43,29,12,10,3,5
2026-747,Beijing,Hard,32,500,O,20261002,18,HB71,,,Hubert Hurkacz,R,196,POL,29.637,41,1220,G0IX,,Q,Arthur Gea,R,180,FRA,21.747,58,918,7-6(5) 6-7(5) 6-2,3,R16,144,13,4,109,80,58,19,16,5,5,8,3,97,56,48,19,16,0,2
2026-747,Beijing,Hard,32,500,O,20261002,19,D643,6,,Novak Djokovic,R,188,SRB,39.365,11,2980,Y09V,,,Yunchaokete Bu,R,185,CHN,24.701,104,602,4-6 7-6(2) 6-2,3,R16,172,15,0,97,60,42,27,15,6,8,10,1,100,70,49,13,15,4,7
2026-329,Tokyo,Hard,32,500,O,20261003,21,SU55,,,Denis Shapovalov,L,185,CAN,27.469,46,1155,TE30,,,Alejandro Tabilo,L,188,CHI,29.336,31,1565,7-5 3-6 6-4,3,R16,132,11,5,92,54,38,19,15,1,4,3,0,90,74,49,7,16,1,5
2026-747,Beijing,Hard,32,500,O,20261003,20,DH58,5,,Alex De Minaur,R,183,AUS,27.625,10,3150,HB64,,,Quentin Halys,R,191,FRA,29.936,50,1070,3-6 7-6(5) 7-5,3,R16,167,10,0,107,69,47,21,16,3,6,12,0,115,64,48,24,17,4,7
2026-329,Tokyo,Hard,32,500,O,20261003,22,A0E2,1,,Carlos Alcaraz,R,183,ESP,23.414,3,5060,A0FC,,,Matteo Arnaldi,R,185,ITA,25.61,37,1336,7-6(6) 6-1,3,R16,106,1,1,74,54,44,5,10,2,3,1,1,65,40,25,13,9,4,7
2026-747,Beijing,Hard,32,500,O,20261003,21,RE44,,,Andrey Rublev,R,188,RUS,28.953,24,2020,SX50,,SE,Roman Safiullin,R,185,RUS,29.155,84,694,6-2 3-6 6-4,3,R16,120,12,1,74,53,41,10,13,0,1,15,3,98,65,44,14,14,9,12
2026-329,Tokyo,Hard,32,500,O,20261003,23,V0DP,,Q,Adolfo Daniel Vallejo,R,183,PAR,22.431,56,939,BK40,,,Matteo Berrettini,R,196,ITA,30.475,47,1128,7-6(6) 6-1,3,R16,107,5,0,64,47,37,12,10,3,3,4,0,69,44,27,16,9,3,5
2026-329,Tokyo,Hard,32,500,O,20261003,24,L0BV,,,Jiri Lehecka,R,185,CZE,24.901,23,2120,HH26,,,Ugo Humbert,L,188,FRA,28.271,32,1535,5-7 6-4 6-4,3,R16,130,15,3,77,47,43,18,16,1,2,4,2,96,56,40,26,16,7,9
2026-747,Beijing,Hard,32,500,O,20261003,22,MM58,3,,Daniil Medvedev,R,198,RUS,30.642,6,3710,SL28,,,Jan-Lennard Struff,R,193,GER,36.441,59,909,6-4 6-3,3,R16,87,10,2,50,34,28,9,9,2,2,6,2,76,49,32,12,10,6,9
2026-747,Beijing,Hard,32,500,O,20261003,23,Z355,1,,Alexander Zverev,R,198,GER,29.454,2,9630,S0RE,,,Juncheng Shang,L,180,CHN,21.665,250,220,6-0 6-3,3,R16,55,9,0,37,28,25,7,8,0,0,1,1,40,24,14,5,7,1,5
2026-747,Beijing,Hard,32,500,O,20261003,24,C0AU,,,Francisco Cerundolo,R,185,ARG,28.14,22,2130,M0NI,8,,Jakub Mensik,R,196,CZE,21.087,14,2405,6-3 6-3,3,R16,77,0,1,50,31,24,12,9,0,0,3,1,57,38,26,8,9,6,9
2026-329,Tokyo,Hard,32,500,O,20261004,25,MU94,,Q,Jaume Munar,R,183,ESP,29.415,64,875,J0AZ,,,Kyrian Jacquet,R,175,FRA,25.399,86,681,6-4 6-2,3,QF,100,3,2,65,39,26,17,9,4,4,1,1,65,34,20,17,9,4,7
2026-747,Beijing,Hard,32,500,O,20261004,25,HB71,,,Hubert Hurkacz,R,196,POL,29.643,41,1220,KE29,,,Karen Khachanov,R,198,RUS,30.371,26,1800,7-6(2) 6-2,3,QF,93,8,0,65,46,40,9,10,1,1,7,1,61,43,31,9,10,0,2
2026-329,Tokyo,Hard,32,500,O,20261004,26,A0E2,1,,Carlos Alcaraz,R,183,ESP,23.417,3,5060,SU55,,,Denis Shapovalov,L,185,CAN,27.472,46,1155,7-6(3) 2-1 RET,3,QF,82,0,1,51,34,19,10,8,1,4,1,3,46,27,17,5,7,4,7
2026-747,Beijing,Hard,32,500,O,20261004,26,DH58,5,,Alex De Minaur,R,183,AUS,27.628,10,3150,RE44,,,Andrey Rublev,R,188,RUS,28.956,24,2020,1-6 6-2 6-3,3,QF,120,1,1,78,53,36,13,12,9,12,7,2,78,48,32,13,12,7,11
2026-329,Tokyo,Hard,32,500,O,20261004,27,VA25,8,,Valentin Vacherot,R,193,MON,27.882,18,2250,F0F1,,Q,Arthur Fils,R,185,FRA,22.311,9,3150,7-5 4-6 6-4,3,QF,140,14,4,104,66,48,17,16,5,8,6,8,108,67,44,20,16,5,9
2026-747,Beijing,Hard,32,500,O,20261004,27,MM58,3,,Daniil Medvedev,R,198,RUS,30.645,6,3710,C0AU,,,Francisco Cerundolo,R,185,ARG,28.142,22,2130,7-6(4) 6-3,3,QF,101,10,1,58,42,33,11,11,1,2,0,2,74,55,35,9,10,7,9
2026-329,Tokyo,Hard,32,500,O,20261004,28,L0BV,,,Jiri Lehecka,R,185,CZE,24.903,23,2120,V0DP,,Q,Adolfo Daniel Vallejo,R,183,PAR,22.434,56,939,6-1 6-1,3,QF,59,4,0,35,24,21,7,7,0,0,3,2,44,30,14,5,7,3,8
2026-747,Beijing,Hard,32,500,O,20261004,28,D643,6,,Novak Djokovic,R,188,SRB,39.37,11,2980,Z355,1,,Alexander Zverev,R,198,GER,29.457,2,9630,4-6 6-4 6-4,3,QF,155,4,3,90,65,53,13,15,3,4,19,0,90,72,51,10,15,3,5
2026-329,Tokyo,Hard,32,500,O,20261005,29,A0E2,1,,Carlos Alcaraz,R,183,ESP,23.42,3,5060,MU94,,Q,Jaume Munar,R,183,ESP,29.418,64,875,5-7 6-3 6-1,3,SF,151,3,4,88,56,43,11,14,2,5,2,4,88,49,30,17,14,4,10
2026-747,Beijing,Hard,32,500,O,20261005,29,DH58,5,,Alex De Minaur,R,183,AUS,27.63,10,3150,HB71,,,Hubert Hurkacz,R,196,POL,29.645,41,1220,6-4 3-2 RET,3,SF,68,3,1,45,30,24,9,7,3,4,8,0,61,36,23,10,8,6,9
2026-329,Tokyo,Hard,32,500,O,20261005,30,L0BV,,,Jiri Lehecka,R,185,CZE,24.906,23,2120,VA25,8,,Valentin Vacherot,R,193,MON,27.885,18,2250,6-4 6-2,3,SF,69,10,0,40,24,22,14,9,0,0,4,3,53,31,25,7,9,3,6
2026-747,Beijing,Hard,32,500,O,20261005,30,D643,6,,Novak Djokovic,R,188,SRB,39.373,11,2980,MM58,3,,Daniil Medvedev,R,198,RUS,30.648,6,3710,7-5 5-3 DEF,3,SF,144,3,6,91,58,41,13,11,16,18,4,3,75,44,26,13,10,6,10
2026-329,Tokyo,Hard,32,500,O,20261006,31,A0E2,1,,Carlos Alcaraz,R,183,ESP,23.422,3,5060,L0BV,,,Jiri Lehecka,R,185,CZE,24.909,23,2120,7-6(4) 6-4,3,F,96,4,1,58,39,33,13,11,2,3,7,0,71,45,34,14,11,2,4
2026-747,Beijing,Hard,32,500,O,20261006,31,D643,6,,Novak Djokovic,R,188,SRB,39.376,11,2980,DH58,5,,Alex De Minaur,R,183,AUS,27.633,10,3150,7-6(3) 0-1 RET,3,F,74,0,0,38,20,18,13,6,1,1,4,2,50,34,25,9,7,2,2
2026-5014,Shanghai,Hard,96,M,O,20261007,1,BK40,,,Matteo Berrettini,R,196,ITA,30.486,46,1168,K0AZ,,,Aleksandar Kovacevic,R,183,USA,28.107,81,730,6-7(3) 6-1 6-4,3,R128,135,23,4,73,47,43,18,15,0,0,3,4,111,62,43,23,14,8,11
2026-5014,Shanghai,Hard,96,M,O,20261007,2,G0IX,,,Arthur Gea,R,180,FRA,21.76,56,985,F0F2,,,Jaime Faria,R,188,POR,23.17,60,941,6-7(3) 6-1 6-2,3,R128,126,7,1,74,45,35,23,13,2,2,7,5,96,67,44,13,14,3,8
2026-5014,Shanghai,Hard,96,M,O,20261007,3,H997,,,Yannick Hanfmann,R,193,GER,34.899,57,976,MQ75,,,Kamil Majchrzak,R,183,POL,30.732,70,805,6-7(4) 7-6(3) 7-6(7),3,R128,193,25,1,141,95,69,27,18,6,6,18,0,137,89,64,28,18,7,7
2026-5014,Shanghai,Hard,96,M,O,20261007,4,HB64,,,Quentin Halys,R,191,FRA,29.947,48,1107,W0BH,,Q,Coleman Wong,R,191,HKG,22.335,101,620,6-4 7-6(5),3,R128,92,20,2,64,36,34,18,11,1,1,13,0,65,37,27,20,11,0,1
2026-5014,Shanghai,Hard,96,M,O,20261007,5,KI95,,,Miomir Kecmanovic,R,183,SRB,27.102,61,925,SY67,,WC,Sho Shimabukuro,R,180,JPN,29.188,109,577,6-2 6-4,3,R128,74,4,0,55,41,33,6,9,1,1,6,0,64,41,24,12,9,6,9
2026-5014,Shanghai,Hard,96,M,O,20261007,6,M0FH,,,Tomas Machac,R,183,CZE,25.982,75,783,Z371,,WC,Zhizhen Zhang,R,193,CHN,29.974,166,340,1-6 7-6(3) 6-2,3,R128,131,5,1,90,60,42,13,13,8,12,10,1,105,71,47,13,14,7,11
2026-5014,Shanghai,Hard,96,M,O,20261007,7,ME82,,,Adrian Mannarino,L,180,FRA,38.272,83,723,BG23,,Q,Nikoloz Basilashvili,R,185,GEO,34.62,124,491,6-3 2-2 RET,3,R128,48,3,1,33,22,20,8,7,0,0,8,2,37,18,14,10,6,0,1
2026-5014,Shanghai,Hard,96,M,O,20261007,8,MV14,,,Alex Molcan,L,178,SVK,28.849,84,712,C0NB,,Q,Federico Cina,R,185,ITA,19.524,147,383,4-6 6-1 6-2,3,R128,108,6,1,64,43,32,11,12,2,5,11,5,90,51,30,16,13,7,14
2026-5014,Shanghai,Hard,96,M,O,20261007,9,S0UV,,Q,Rei Sakamoto,R,193,JPN,20.287,137,423,TA29,,,Marco Trungelliti,R,178,ARG,36.682,90,661,6-3 7-5,3,R128,88,9,2,51,36,27,11,10,0,1,6,5,79,44,27,17,11,7,11
2026-5014,Shanghai,Hard,96,M,O,20261007,10,SX50,,Q,Roman Safiullin,R,185,RUS,29.166,79,744,H0BH,,,Rinky Hijikata,R,178,AUS,25.618,85,711,7-5 6-3,3,R128,79,6,1,59,37,30,13,11,1,2,5,3,62,43,30,7,10,3,6
2026-5014,Shanghai,Hard,96,M,O,20261007,11,WB32,,,Yibing Wu,R,183,CHN,26.982,113,535,Z0BZ,,,Michael Zheng,R,188,USA,22.694,94,649,6-3 7-6(6),3,R128,102,5,1,68,37,27,23,11,2,2,6,1,70,38,25,18,10,2,3
2026-5014,Shanghai,Hard,96,M,O,20261007,12,Z0CQ,,,Yi Zhou,R,193,CHN,21.566,277,203,B0GG,,Q,Mattia Bellucci,L,175,ITA,25.35,86,700,6-4 3-6 7-6(4),3,R128,165,12,3,116,76,59,17,16,9,11,6,2,96,63,47,18,15,5,6
2026-5014,Shanghai,Hard,96,M,O,20261007,13,F0DM,,,Arthur Fery,R,175,GBR,24.238,37,1413,C977,,,Marin Cilic,R,198,CRO,38.023,80,741,7-6(2) 6-1,3,R128,92,6,1,60,49,34,8,10,1,2,6,3,63,35,24,11,9,3,6
